address,latitude,longitude,site_type,has_wires,recommended_tree
21740 Granada Ave,37.3214886,-122.0545515,MEDIUM,Yes,Texas Ebony
22424 Mcclellan Rd,37.31371386,-122.06721738,SMALL,Yes,Netleaf Hackberry
10380 Mann Dr,37.32833914,-122.05673026,SMALL,Yes,Catalina Ironwood
20889 Fargo Dr,37.3289677,-122.03942206,SMALL,Yes,Texas Ebony
10340 Mann Dr,37.32770865,-122.05610592,SMALL,Yes,Netleaf Hackberry
20882 Elenda Dr,37.32604976,-122.03929523,MEDIUM,Yes,Netleaf Hackberry
10330 Mann Dr,37.32748613,-122.05605585,SMALL,Yes,Texas Ebony
10314 Mann Dr,37.32729797,-122.05604797,SMALL,Yes,Netleaf Hackberry
10210 Adriana Ave,37.32565155,-122.05492993,SMALL,Yes,Catalina Ironwood
10112 Camino Vista Dr,37.32158214,-122.06967565,SMALL,Yes,Texas Ebony
10164 Adriana Ave,37.32506365,-122.05492818,SMALL,Yes,Desert Willow
10132 Adriana Ave,37.32466427,-122.05492993,SMALL,Yes,Netleaf Hackberry
10451 Ann Arbor Ave,37.32953317,-122.04552342,SMALL,Yes,Catalina Ironwood
21740 Granada Ave,37.32137643,-122.05455377,MEDIUM,Yes,Netleaf Hackberry
21060 Hazelbrook Dr,37.32821344,-122.04278969,SMALL,Yes,Texas Ebony
21090 Hazelbrook Dr,37.32820974,-122.04336931,SMALL,Yes,Catalina Ironwood
21168 Hazelbrook Dr,37.32820789,-122.04461236,SMALL,Yes,Texas Ebony
21180 Hazelbrook Dr,37.32821529,-122.04495455,SMALL,Yes,Netleaf Hackberry
20819 Greenleaf Dr,37.33075408,-122.03819307,SMALL,Yes,Desert Willow
10599 N Stelling Rd,37.33153539,-122.04154354,SMALL,Yes,Netleaf Hackberry
10467 N Stelling Rd,37.32974645,-122.04154945,SMALL,Yes,Texas Ebony
20889 Hanford Dr,37.32809246,-122.0393829,SMALL,Yes,Netleaf Hackberry
10323 Glencoe Dr,37.32756185,-122.04045935,SMALL,Yes,Catalina Ironwood
10309 Glencoe Dr,37.32742837,-122.04047405,SMALL,Yes,Netleaf Hackberry
20847 Fargo Dr,37.32900827,-122.03858915,SMALL,Yes,Texas Ebony
20833 Fargo Dr,37.32899793,-122.03841738,SMALL,Yes,Catalina Ironwood
10220 Dubon Ave,37.31977417,-122.07045206,SMALL,Yes,Desert Willow
21932 Woodbury Dr,37.32653188,-122.05846601,SMALL,Yes,Netleaf Hackberry
10360 Mann Dr,37.32796909,-122.05629643,SMALL,Yes,Netleaf Hackberry
10600 Larry Way,37.33165719,-122.02714991,SMALL,Yes,Texas Ebony
21517 Rainbow Dr,37.30099963,-122.05082803,SMALL,Yes,Catalina Ironwood
21547 Rainbow Dr,37.30099171,-122.05162943,SMALL,Yes,Netleaf Hackberry
10586 Randy Ln,37.33145955,-122.02607006,SMALL,Yes,Desert Willow
10726 Randy Ln,37.33357889,-122.02606135,SMALL,Yes,Texas Ebony
10726 Larry Way,37.33356357,-122.02714102,SMALL,Yes,California Buckeye
10267 Vista Knoll Blvd,37.32677274,-122.06511063,LARGE,Yes,Netleaf Hackberry
21153 Gardena Dr,37.33349417,-122.04438424,SMALL,Yes,California Buckeye
22341 Kendle St,37.32762145,-122.06571398,SMALL,Yes,Texas Ebony
10577 San Leandro Ave,37.31445702,-122.06711981,SMALL,Yes,Desert Willow
22342 Bahl St,37.32831021,-122.06596399,LARGE,Yes,Catalina Ironwood
10577 San Leandro Ave,37.31431776,-122.06712037,SMALL,Yes,California Buckeye
10497 Chace Dr,37.32986743,-122.06752679,SMALL,No,Interior Live Oak
10399 Mira Vista Rd,37.31736659,-122.065237,MEDIUM,No,Interior Live Oak
21115 Lauretta Dr,37.32756027,-122.04308064,LARGE,No,Interior Live Oak
1131 Kentwood Ave,37.30522643,-122.03619954,MEDIUM,No,Interior Live Oak
1119 Kentwood Ave,37.30565155,-122.03671126,MEDIUM,No,Desert Willow
21095 Lauretta Dr,37.32756027,-122.04262709,LARGE,No,Interior Live Oak
21044 Lauretta Dr,37.32726428,-122.04217027,LARGE,No,Interior Live Oak
21035 Lauretta Dr,37.32711384,-122.04198548,LARGE,No,Interior Live Oak
10394 Mira Vista Rd,37.31743615,-122.0650595,MEDIUM,No,Interior Live Oak
10860 Maxine Ave,37.3355298,-122.05978158,LARGE,No,Texas Ebony
10840 Maxine Ave,37.3352438,-122.05978385,LARGE,No,Texas Ebony
22400 Janice Ave,37.32131526,-122.06684689,LARGE,No,Holly Oak
1157 Kentwood Ave,37.30410414,-122.03456231,MEDIUM,No,Interior Live Oak
21175 Lauretta Dr,37.32753168,-122.04451046,LARGE,No,Interior Live Oak
1159 Kentwood Ave,37.30410414,-122.03445056,MEDIUM,No,Interior Live Oak
10498 Chace Dr,37.32987458,-122.06727298,LARGE,No,Interior Live Oak
10488 Chace Dr,37.32980377,-122.0674183,LARGE,No,Interior Live Oak
22445 Linda Ann Ct,37.33023177,-122.06754251,LARGE,No,Interior Live Oak
22466 Linda Ann Ct,37.33039608,-122.06792884,LARGE,No,Interior Live Oak
10510 Barnhart Ct,37.31545159,-122.00647308,MEDIUM,No,Interior Live Oak
10448 Vista Knoll Blvd,37.3292211,-122.06779217,LARGE,No,Interior Live Oak
10458 Vista Knoll Blvd,37.32942612,-122.06802235,LARGE,No,Interior Live Oak
21185 Lauretta Dr,37.3274767,-122.04478148,LARGE,No,Interior Live Oak
10050 Hillcrest Rd,37.3238667,-122.0649858,LARGE,No,Interior Live Oak
18730 Tilson Ave,37.31608563,-121.9995166,SMALL,No,Holly Oak
10070 Hillcrest Rd,37.32415791,-122.06499021,MEDIUM,No,Interior Live Oak
22127 Hibiscus Dr,37.33566582,-122.06162233,LARGE,No,Holly Oak
20616 Mcclellan Rd,37.31553087,-122.03447408,MEDIUM,No,Interior Live Oak
7498 Stanford Pl,37.30628416,-122.03724549,MEDIUM,No,Interior Live Oak
21074 Marcy Ct,37.32704567,-122.04294513,MEDIUM,No,Interior Live Oak
21151 Hazelbrook Dr,37.3283563,-122.0443753,LARGE,No,Interior Live Oak
22115 Hibiscus Dr,37.33551291,-122.06124796,LARGE,No,Interior Live Oak
18720 Tilson Ave,37.31607517,-121.99925453,SMALL,No,Holly Oak
20916 Dunbar Dr,37.32968379,-122.03981181,MEDIUM,No,Interior Live Oak
10474 Merriman Rd,37.31667903,-122.06931864,LARGE,No,Holly Oak
10501 N De Anza Blvd,37.32725234,-122.0322981,LARGE,No,Holly Oak
10501 N De Anza Blvd,37.32785898,-122.03229975,LARGE,No,Holly Oak
10501 N De Anza Blvd,37.32790594,-122.0322981,LARGE,No,Holly Oak
10631 N De Anza Blvd,37.33258145,-122.03228751,LARGE,No,Holly Oak
22409 Janice Ave,37.32148376,-122.06662696,MEDIUM,No,Holly Oak
7886 Fiesta Ln,37.31077833,-122.04595033,MEDIUM,No,Interior Live Oak
10213 Miner Pl,37.32611218,-122.03058226,MEDIUM,No,Interior Live Oak
10223 Miner Pl,37.3261942,-122.03058497,MEDIUM,No,Interior Live Oak
10262 Parlett Pl,37.32695698,-122.03137125,MEDIUM,No,Desert Willow
10271 Parlett Pl,37.32703462,-122.03149274,MEDIUM,No,Texas Ebony
10261 Parlett Pl,37.32696043,-122.03151445,MEDIUM,No,Texas Ebony
10263 Miner Pl,37.3269449,-122.03054675,MEDIUM,No,Interior Live Oak
10293 Miner Pl,37.32734173,-122.03048382,MEDIUM,No,Interior Live Oak
10294 Miner Pl,37.32733483,-122.03033411,MEDIUM,No,Interior Live Oak
10615 Larry Way,37.33184807,-122.02731291,LARGE,No,Interior Live Oak
7573 Bollinger Rd,37.31254752,-122.03823825,MEDIUM,No,Interior Live Oak
10039 S Tantau Ave,37.32235514,-122.00657836,MEDIUM,No,Desert Willow
7556 Bollinger Rd,37.3120658,-122.03749781,SMALL,No,Texas Ebony
20674 Acadia Ct,37.33089777,-122.03573989,LARGE,No,Interior Live Oak
20975 Valley Green Dr,37.33307274,-122.04027218,MEDIUM,No,Desert Willow
10631 N De Anza Blvd,37.33267574,-122.03228246,LARGE,No,Holly Oak
20990 Valley Green Dr,37.33294853,-122.04035029,MEDIUM,No,Texas Ebony
10466 N Stelling Rd,37.32969047,-122.04137186,MEDIUM,No,Interior Live Oak
10336 N Stelling Rd,37.32779141,-122.04136881,MEDIUM,No,Interior Live Oak
10322 N Stelling Rd,37.32760093,-122.04136881,MEDIUM,No,Interior Live Oak
20804 Hanford Dr,37.32793895,-122.03787628,LARGE,No,Interior Live Oak
22403 Ramona Ct,37.32138671,-122.06760995,MEDIUM,No,Holly Oak
22423 Ramona Ct,37.32150616,-122.06782451,MEDIUM,No,Holly Oak
20975 Valley Green Dr,37.33310445,-122.04072589,MEDIUM,No,Texas Ebony
22434 Ramona Ct,37.32114463,-122.06782317,MEDIUM,No,Holly Oak
20832 Hanford Dr,37.32797732,-122.03841346,LARGE,No,Interior Live Oak
22448 Ramona Ct,37.32141871,-122.06786341,MEDIUM,No,Holly Oak
22275 Carta Blanca St,37.32982349,-122.06489504,LARGE,No,Interior Live Oak
22274 Carta Blanca St,37.32967489,-122.06497373,LARGE,No,Interior Live Oak
22285 Carta Blanca St,37.3298261,-122.06522945,MEDIUM,No,Interior Live Oak
22294 Carta Blanca St,37.32963058,-122.06546221,LARGE,No,Interior Live Oak
22543 Woodridge Ct,37.31916366,-122.06893327,MEDIUM,No,Holly Oak
22184 Via Camino Ct,37.3292808,-122.0633699,LARGE,No,Interior Live Oak
22235 Via Camino Ct,37.33017223,-122.06396677,LARGE,No,Interior Live Oak
10480 Ainsworth Dr,37.32934271,-122.06431709,LARGE,No,Interior Live Oak
22305 Carta Blanca St,37.3297531,-122.06558679,LARGE,No,Interior Live Oak
22563 Woodridge Ct,37.31913568,-122.06941019,MEDIUM,No,Holly Oak
10367 Vista Knoll Blvd,37.32825697,-122.06685137,SMALL,No,Interior Live Oak
10387 Vista Knoll Blvd,37.328483,-122.06712053,SMALL,No,Interior Live Oak
22315 Carta Blanca St,37.3296762,-122.06580645,LARGE,No,Interior Live Oak
22266 Hartman Dr,37.33027578,-122.06454917,MEDIUM,No,Interior Live Oak
10035 Crescent Rd,37.32366949,-122.06334337,LARGE,No,Interior Live Oak
22399 Cupertino Rd,37.32314374,-122.06695824,MEDIUM,No,Interior Live Oak
22325 Carta Blanca St,37.32956801,-122.06599659,MEDIUM,No,Interior Live Oak
10280 Calvert Dr,37.31886369,-121.99975226,MEDIUM,No,California Buckeye
6401 Bollinger Rd,37.31057958,-122.01578204,SMALL,No,Interior Live Oak
932 Cottonwood Dr,37.31182052,-122.01551376,MEDIUM,No,Holly Oak
19191 Vallco Pkwy,37.32443816,-122.00702501,MEDIUM,No,Holly Oak
19191 Vallco Pkwy,37.32449543,-122.00802784,MEDIUM,No,Holly Oak
10245 Parkside Ln,37.31920479,-122.02231379,SMALL,No,Interior Live Oak
19201 Phil Ln,37.31618868,-122.00847812,LARGE,No,Holly Oak
19241 Phil Ln,37.31621397,-122.00935577,LARGE,No,Interior Live Oak
22369 Janice Ave,37.32071162,-122.06662958,LARGE,No,Interior Live Oak
11053 Bel Aire Ct,37.30807984,-122.05769815,SMALL,No,Interior Live Oak
22399 Cupertino Rd,37.32314491,-122.06714186,MEDIUM,No,Interior Live Oak
10198 Cass Pl,37.32069703,-122.06567864,LARGE,No,Holly Oak
7489 Bollinger Rd,37.31246445,-122.03580994,MEDIUM,No,Interior Live Oak
958 Westlynn Way,37.31190143,-122.03486994,MEDIUM,No,Netleaf Hackberry
22603 Woodridge Ct,37.31913179,-122.07018521,MEDIUM,No,Holly Oak
7852 Lily Ct,37.31398746,-122.04500667,MEDIUM,No,Interior Live Oak
22593 Woodridge Ct,37.31913257,-122.07007966,MEDIUM,No,Holly Oak
10300 N Foothill Blvd,37.32921306,-122.06920542,LARGE,No,Netleaf Hackberry
10300 N Foothill Blvd,37.32931471,-122.06920408,LARGE,No,Catalina Ironwood
10370 Mira Vista Rd,37.31777167,-122.06508265,MEDIUM,No,Interior Live Oak
22573 Woodridge Ct,37.31913412,-122.06963303,MEDIUM,No,Holly Oak
22399 Cupertino Rd,37.32314442,-122.06662242,MEDIUM,No,Interior Live Oak
7525 Bollinger Rd,37.31245753,-122.03652073,SMALL,No,Interior Live Oak
22364 Carta Blanca St,37.32867385,-122.06695718,LARGE,No,Interior Live Oak
22344 Carta Blanca St,37.32903109,-122.06644884,LARGE,No,Interior Live Oak
22334 Carta Blanca St,37.32919575,-122.06622409,LARGE,No,Interior Live Oak
10375 Byrne Ave,37.31740006,-122.0585264,SMALL,No,Interior Live Oak
10170 Camino Vista Dr,37.32028339,-122.06969796,MEDIUM,No,Holly Oak
10464 Scenic Ct,37.31623894,-122.06238383,LARGE,No,Holly Oak
10463 Scenic Ct,37.31631276,-122.06262695,LARGE,No,Holly Oak
10402 Scenic Cir,37.31617667,-122.06174708,LARGE,No,Holly Oak
10342 Scenic Cir,37.31574238,-122.06283443,LARGE,No,California Buckeye
10452 Merriman Rd,37.31683608,-122.07012815,LARGE,No,Holly Oak
10454 Merriman Rd,37.31667347,-122.06990267,LARGE,No,Holly Oak
22421 Walnut Cir S,37.31801093,-122.06739989,MEDIUM,No,Interior Live Oak
10467 Merriman Rd,37.31653535,-122.06954692,LARGE,No,Holly Oak
22722 Medina Ln,37.31864559,-122.07281905,MEDIUM,No,Holly Oak
22722 Medina Ln,37.31859705,-122.0728946,MEDIUM,No,Holly Oak
10311 Lockwood Dr,37.31849943,-122.07304218,MEDIUM,No,Holly Oak
10457 Merriman Rd,37.31653312,-122.06988306,LARGE,No,Holly Oak
10320 Lockwood Dr,37.3184786,-122.07280634,MEDIUM,No,Holly Oak
10331 Lockwood Dr,37.31833163,-122.07321043,MEDIUM,No,Holly Oak
10447 Merriman Rd,37.31653089,-122.07013236,LARGE,No,Holly Oak
22753 Voss Ave,37.31808265,-122.0732587,MEDIUM,No,Holly Oak
7498 Kingsbury Pl,37.30305231,-122.03732675,LARGE,No,Holly Oak
22677 Voss Ave,37.31792515,-122.07193828,LARGE,No,Interior Live Oak
10444 Lockwood Dr,37.31671622,-122.07214953,MEDIUM,No,Holly Oak
10191 Prado Vista Dr,37.32048388,-122.07101652,MEDIUM,No,Interior Live Oak
10131 Prado Vista Dr,37.32123439,-122.07101652,MEDIUM,No,Holly Oak
10160 Lockwood Dr,37.32067989,-122.07212396,MEDIUM,No,Interior Live Oak
22406 Rancho Ventura St,37.31936762,-122.0673956,MEDIUM,No,Interior Live Oak
22323 Bahl St,37.32887446,-122.06541096,LARGE,No,Interior Live Oak
22322 Bahl St,37.32862547,-122.06552712,LARGE,No,Interior Live Oak
10580 San Leandro Ave,37.31445398,-122.0669676,MEDIUM,No,Interior Live Oak
10243 Alpine Dr,37.32670479,-122.06683043,MEDIUM,No,Interior Live Oak
10243 Alpine Dr,37.32661091,-122.06671237,MEDIUM,No,Holly Oak
10211 Alpine Dr,37.32632342,-122.06667303,SMALL,No,Holly Oak
10211 Alpine Dr,37.32624715,-122.0666681,SMALL,No,Holly Oak
10211 Alpine Dr,37.32617674,-122.06666319,SMALL,No,Holly Oak
22421 Walnut Cir S,37.31810595,-122.06740173,MEDIUM,No,Interior Live Oak
10387 Mira Vista Rd,37.31761505,-122.06523851,LARGE,No,Interior Live Oak
21851 Lomita Ave,37.32017255,-122.05678469,SMALL,No,Interior Live Oak
10239 Palo Vista Rd,37.31977861,-122.06613221,MEDIUM,No,Interior Live Oak
22381 Salem Ave,37.32526537,-122.06671237,MEDIUM,No,Interior Live Oak
22392 Salem Ave,37.32509913,-122.06690913,MEDIUM,No,Holly Oak
22345 Salem Ave,37.32521256,-122.06763712,MEDIUM,No,Holly Oak
22448 Salem Ave,37.32503655,-122.06803308,MEDIUM,No,Holly Oak
22434 Salem Ave,37.32505611,-122.06773795,MEDIUM,No,Holly Oak
10210 Alpine Dr,37.32620999,-122.06647381,MEDIUM,No,Holly Oak
10226 Alpine Dr,37.32642512,-122.06649349,MEDIUM,No,Holly Oak
10110 English Oak Way,37.32334889,-122.07257901,LARGE,No,California Buckeye
10196 English Oak Way,37.32492849,-122.07212789,MEDIUM,No,Holly Oak
10190 Lockwood Dr,37.32055714,-122.0721213,MEDIUM,No,Interior Live Oak
10229 Palo Vista Rd,37.32006093,-122.06613479,SMALL,No,Interior Live Oak
10205 Judy Ave,37.3198289,-122.00549221,SMALL,No,Interior Live Oak
10520 Barnhart Ct,37.31518578,-122.00649118,LARGE,No,Interior Live Oak
10864 Alderbrook Ln,37.31053229,-122.01767615,LARGE,No,Holly Oak
10990 Homestead Rd,37.33753491,-122.02564615,LARGE,No,Holly Oak
10990 Homestead Rd,37.33753688,-122.02540327,LARGE,No,Holly Oak
10990 Homestead Rd,37.33754378,-122.02509099,LARGE,No,Holly Oak
10990 Homestead Rd,37.33753885,-122.0244466,LARGE,No,Holly Oak
20690 Homestead Rd,37.33754163,-122.03608868,LARGE,No,Holly Oak
21125 Lauretta Dr,37.32755367,-122.04344018,LARGE,No,Interior Live Oak
21358 Meteor Dr,37.33137651,-122.04824036,MEDIUM,No,Interior Live Oak
21301 Milford Dr,37.32991502,-122.04694735,MEDIUM,No,Holly Oak
10423 Chisholm Ave,37.32913966,-122.04745276,MEDIUM,No,Interior Live Oak
10268 Creston Dr,37.32677981,-122.06043026,LARGE,No,Holly Oak
10284 Creston Dr,37.32700829,-122.06042856,LARGE,No,Holly Oak
21091 Hazelbrook Dr,37.32835966,-122.04320404,LARGE,No,Interior Live Oak
21031 Hazelbrook Dr,37.32835966,-122.04208902,LARGE,No,Interior Live Oak
20860 Dunbar Dr,37.32973962,-122.03882829,MEDIUM,No,Interior Live Oak
10565 Flora Vista Ave,37.33093499,-122.04260802,LARGE,No,Interior Live Oak
21075 Hazelbrook Dr,37.32836456,-122.04296843,LARGE,No,Interior Live Oak
10494 Ann Arbor Ave,37.33007736,-122.04534082,LARGE,No,Interior Live Oak
10494 Ann Arbor Ave,37.33023523,-122.04514981,MEDIUM,No,Interior Live Oak
21130 Grenola Dr,37.32916719,-122.04423326,LARGE,No,Interior Live Oak
10085 Adriana Ave,37.32407357,-122.05511081,LARGE,No,Interior Live Oak
10165 Adriana Ave,37.32504062,-122.05510694,LARGE,No,Interior Live Oak
10211 Adriana Ave,37.32567668,-122.05511256,LARGE,No,Interior Live Oak
21849 Corte Madera Ln,37.32748661,-122.05704409,LARGE,No,Interior Live Oak
10059 Oakleaf Pl,37.32385253,-122.05928999,LARGE,No,Netleaf Hackberry
10612 Gascoigne Dr,37.31324355,-121.99861458,LARGE,No,Holly Oak
18771 Newsom Ave,37.31059513,-122.00047464,SMALL,No,Interior Live Oak
10820 Gascoigne Dr,37.31068909,-122.00142913,LARGE,No,Holly Oak
21903 Woodbury Dr,37.32665948,-122.0583474,MEDIUM,No,Interior Live Oak
10565 Flora Vista Ave,37.33080828,-122.04278953,LARGE,No,Interior Live Oak
20777 Fargo Dr,37.32886278,-122.03739804,LARGE,No,Holly Oak
20860 Fargo Dr,37.328851,-122.03885981,LARGE,No,Holly Oak
20790 Greenleaf Dr,37.33063424,-122.03759024,MEDIUM,No,Interior Live Oak
10430 Stern Ave,37.3167297,-122.00322373,MEDIUM,No,Holly Oak
10150 N Wolfe Rd,37.3256602,-122.01278612,SMALL,No,Holly Oak
10601 Randy Ln,37.33171429,-122.02623135,LARGE,No,Interior Live Oak
10713 Randy Ln,37.33333648,-122.02624494,LARGE,No,Holly Oak
10685 Randy Ln,37.33295322,-122.02622421,LARGE,No,Interior Live Oak
10651 Randy Ln,37.33253493,-122.02622939,LARGE,No,Interior Live Oak
10525 Randy Ln,37.33062064,-122.02623457,LARGE,No,Interior Live Oak
20206 Forest Ave,37.326491,-122.0268894,MEDIUM,No,Holly Oak
10314 Miner Pl,37.32772993,-122.030256,MEDIUM,No,Interior Live Oak
10208 Toni Ct,37.32619332,-122.02399924,LARGE,No,Interior Live Oak
10154 Miner Pl,37.32513653,-122.03037867,MEDIUM,No,Holly Oak
20265 Vista Ct,37.32523949,-122.02814526,MEDIUM,No,Interior Live Oak
1148 Derbyshire Dr,37.30384307,-122.04365771,SMALL,No,Interior Live Oak
10151 N De Anza Blvd,37.32466587,-122.03225718,LARGE,No,Holly Oak
10261 Bandley Dr,37.32719723,-122.03438479,SMALL,No,Holly Oak
10455 Bandley Dr,37.32826204,-122.03446791,LARGE,No,Interior Live Oak
10455 Bandley Dr,37.32815142,-122.03447177,LARGE,No,Interior Live Oak
20898 Garden Gate Dr,37.32683313,-122.04027129,MEDIUM,No,Interior Live Oak
20711 Hanford Dr,37.32794449,-122.03629084,MEDIUM,No,Holly Oak
20731 Hanford Dr,37.32794449,-122.03652566,MEDIUM,No,Holly Oak
20731 Hanford Dr,37.328077,-122.03679457,MEDIUM,No,Holly Oak
20711 Fargo Dr,37.32875763,-122.03611284,LARGE,No,Holly Oak
20695 Acadia Ct,37.33101424,-122.0358487,LARGE,No,California Buckeye
20705 Acadia Ct,37.33102089,-122.0362212,LARGE,No,Holly Oak
20665 Acadia Ct,37.33105251,-122.0351686,MEDIUM,No,California Buckeye
20630 Valley Green Dr,37.33184676,-122.0331949,MEDIUM,No,Interior Live Oak
10740 N Wolfe Rd,37.33236707,-122.01430754,LARGE,No,Desert Willow
20840 Stevens Creek Blvd,37.32273882,-122.03885152,LARGE,No,Holly Oak
20818 Greenleaf Dr,37.33063091,-122.03806748,MEDIUM,No,Interior Live Oak
21821 Woodbury Dr,37.32665128,-122.0563857,MEDIUM,No,Interior Live Oak
18680 Hanna Dr,37.31099759,-121.99860007,LARGE,No,Interior Live Oak
10865 Barranca Dr,37.3354585,-122.06295243,LARGE,No,Holly Oak
10849 Barranca Dr,37.33525853,-122.06335519,LARGE,No,Interior Live Oak
5914 Sutton Park Pl,37.31135287,-122.00607182,SMALL,No,Interior Live Oak
19110 Meiggs Ln,37.31211694,-122.00686099,LARGE,No,Holly Oak
1451 S De Anza Blvd,37.29830023,-122.03274087,LARGE,No,Holly Oak
19090 Meiggs Ln,37.31210303,-122.00659607,LARGE,No,Holly Oak
19080 Meiggs Ln,37.31209707,-122.00634116,LARGE,No,Holly Oak
19050 Meiggs Ln,37.31208116,-122.00574384,LARGE,No,Interior Live Oak
10697 Culbertson Dr,37.31282157,-122.00588705,LARGE,No,Interior Live Oak
10733 Culbertson Dr,37.31224303,-122.00615178,LARGE,No,Holly Oak
19085 Meiggs Ln,37.31224996,-122.00642341,LARGE,No,Holly Oak
19141 Meiggs Ln,37.31228017,-122.0073138,MEDIUM,No,Interior Live Oak
10633 Johansen Dr,37.31363589,-122.0067225,MEDIUM,No,Holly Oak
10641 Johansen Dr,37.31356551,-122.0067443,MEDIUM,No,Holly Oak
10673 Johansen Dr,37.31311052,-122.00679946,LARGE,No,Holly Oak
10721 Johansen Dr,37.31251075,-122.00682579,LARGE,No,Holly Oak
10697 Johansen Dr,37.31279937,-122.00681486,MEDIUM,No,Holly Oak
10720 Johansen Dr,37.31253719,-122.006634,LARGE,No,Holly Oak
10696 Johansen Dr,37.31285242,-122.00662245,LARGE,No,Holly Oak
10684 Johansen Dr,37.31292791,-122.0066186,LARGE,No,Holly Oak
10650 Johansen Dr,37.31340139,-122.00658599,LARGE,No,Holly Oak
10640 Johansen Dr,37.31361052,-122.00653808,LARGE,No,Holly Oak
18896 Loree Ave,37.3190202,-122.00208387,LARGE,No,California Buckeye
10415 Moretti Dr,37.31684011,-122.00255785,LARGE,No,Holly Oak
10444 Moretti Dr,37.31644536,-122.00237544,MEDIUM,No,Holly Oak
10395 Wunderlich Dr,37.31713488,-122.00080601,SMALL,No,Holly Oak
10415 Wunderlich Dr,37.3168345,-122.0007988,LARGE,No,Holly Oak
10390 Wunderlich Dr,37.31724736,-122.00062332,MEDIUM,No,Holly Oak
10307 Menhart Ln,37.31896528,-122.00109767,LARGE,No,Holly Oak
10355 Menhart Ln,37.31818376,-122.00168321,MEDIUM,No,Holly Oak
10361 Menhart Ln,37.31796612,-122.00169212,MEDIUM,No,Holly Oak
7547 De La Farge Dr,37.31031207,-122.03762242,SMALL,No,Interior Live Oak
10849 Alderbrook Ln,37.3106575,-122.01795467,LARGE,No,Holly Oak
10525 Barnhart Ct,37.31518866,-122.00666735,LARGE,No,Interior Live Oak
18841 Hunter Way,37.31285988,-122.00401378,SMALL,No,Holly Oak
10841 Barranca Dr,37.33514695,-122.06359029,LARGE,No,Interior Live Oak
10831 Barranca Dr,37.33506001,-122.06379258,LARGE,No,Interior Live Oak
10810 Peninsular Ave,37.33471803,-122.06369599,MEDIUM,No,Interior Live Oak
10765 Peninsular Ave,37.33411233,-122.06270275,LARGE,No,Interior Live Oak
10795 Peninsular Ave,37.33449923,-122.06320574,LARGE,No,Interior Live Oak
22126 Hibiscus Dr,37.33556999,-122.0617813,LARGE,No,Holly Oak
22102 Hibiscus Dr,37.33525976,-122.06135259,LARGE,No,Holly Oak
10788 Maxine Ave,37.33448538,-122.05978129,LARGE,No,Texas Ebony
10780 Maxine Ave,37.33440792,-122.05978385,LARGE,No,Texas Ebony
10768 Maxine Ave,37.33409802,-122.05978385,LARGE,No,Holly Oak
10760 Maxine Ave,37.33403279,-122.05978129,LARGE,No,Holly Oak
22044 Wallace Dr,37.33406948,-122.0603454,LARGE,No,Interior Live Oak
18920 Newsom Ave,37.31077436,-122.00352611,LARGE,No,Holly Oak
22129 Wallace Dr,37.33480547,-122.06204284,LARGE,No,Interior Live Oak
22068 Wallace Dr,37.33407152,-122.06093514,LARGE,No,Interior Live Oak
10728 Maxine Ave,37.3333396,-122.05980693,LARGE,No,Interior Live Oak
18817 Pendergast Ave,37.31479621,-122.00127116,LARGE,No,Interior Live Oak
18871 Pendergast Ave,37.31482612,-122.00221409,LARGE,No,Holly Oak
10777 Farallone Dr,37.31137846,-122.02667847,SMALL,No,Interior Live Oak
20375 Silverado Ave,37.31530896,-122.02988682,LARGE,No,Interior Live Oak
10673 Morengo Dr,37.31300212,-122.00494527,LARGE,No,Holly Oak
10685 Morengo Dr,37.31290905,-122.00494835,LARGE,No,Holly Oak
10697 Morengo Dr,37.31278538,-122.00495605,LARGE,No,Holly Oak
19021 Meiggs Ln,37.31226843,-122.00503739,LARGE,No,Interior Live Oak
10760 Morengo Dr,37.31200463,-122.00500172,LARGE,No,Interior Live Oak
10732 Morengo Dr,37.31229964,-122.00481448,LARGE,No,Interior Live Oak
18868 Hunter Way,37.31278754,-122.00442037,LARGE,No,Holly Oak
18856 Hunter Way,37.31276769,-122.00427236,LARGE,No,Holly Oak
18844 Hunter Way,37.31274358,-122.00407442,LARGE,No,Holly Oak
10610 Morengo Dr,37.31393779,-122.00418497,MEDIUM,No,Interior Live Oak
20569 Blossom Ln,37.31485066,-122.03359691,LARGE,No,Interior Live Oak
